Sequence ID,Primer Rank,Primer Left Seq,Primer Right Seq,Primer Left Len,Primer Right Len,Primer Left TM,Primer Right TM,Primer Left GC %,Primer Right GC %,Product Len,Product GC%,Chromosome,Position1,Position2,NucsBeforeBP,NucsAfterBP,FwdPrimPos,RvsPrimPos
sample1_gene1_1:15000000-16000000__,0,ATAACCATGCCTACAACCCACA,GAGGCTGAAGTGGGAGGATTAC,22,22,59.69,60.159,45.455,54.545,357,50.700280112044815,1,14999805,16000162,195,162,14999805-14999827,16000140-16000162
sample1_gene1_1:15000000-16000000__,1,GGAACAAGTGACTGCCTGAAGA,AGTGGGAGGATTACTTGAGCTT,22,22,60.485,58.815,50.0,45.455,211,52.13270142180095,1,14999943,16000154,57,154,14999943-14999965,16000132-16000154
sample1_gene1_1:15000000-16000000__,2,TGCATGATGTGAAGGCAGTTTG,GTGCATACCTGTAGTTGTAGCT,22,22,60.03,57.875,45.455,45.455,219,52.96803652968036,1,14999971,16000190,29,190,14999971-14999993,16000168-16000190
sample1_gene1_1:15000000-16000000__,3,CAGGTGGTGGTTTCAAAGTGG,CTTAGGAGGTCGAGGCTTCAGT,21,22,59.591,61.208,52.381,54.545,289,50.51903114186851,1,14999846,16000135,154,135,14999846-14999867,16000113-16000135
sample1_gene1_1:15000000-16000000__,4,GTGGTTTCAAAGTGGCCCATTG,GCTTAGGAGGTCGAGGCTTC,22,20,60.806000000000004,59.897,50.0,60.0,284,50.0,1,14999852,16000136,148,136,14999852-14999874,16000116-16000136
sample2_gene2_2:30000000-30500000__,0,CCCAATCTACCATCAACTAGCTCT,TTTGGATTGTTCTGTGCACGTC,24,22,59.653999999999996,59.967,45.833,45.455,233,48.497854077253216,2,29999848,30500081,152,81,29999848-29999872,30500059-30500081
sample2_gene2_2:30000000-30500000__,1,GCTGAGTATGTGCTTAGGGAGG,ACAAACTATGACCATGAAGCTGT,22,23,60.224,58.343999999999994,54.545,39.13,224,43.75,2,29999973,30500197,27,197,29999973-29999995,30500174-30500197
sample2_gene2_2:30000000-30500000__,2,CCATCAACTAGCTCTGTAATTGGT,TTGTTCTGTGCACGTCTGTATC,24,22,58.568000000000005,58.943000000000005,41.667,45.455,218,49.08256880733945,2,29999857,30500075,143,75,29999857-29999881,30500053-30500075
sample2_gene2_2:30000000-30500000__,3,CTCCTCAAACTACAGCAAGGG,AGCAATGTAAGCAATGTAATCCCT,21,24,58.295,58.79600000000001,52.381,37.5,207,48.309178743961354,2,29999929,30500136,71,136,29999929-29999950,30500112-30500136
sample2_gene2_2:30000000-30500000__,4,AGTGGGAAGCTGAGTATGTGC,CAAACTATGACCATGAAGCTGTTAT,21,25,60.066,57.674,52.381,36.0,231,44.58874458874459,2,29999965,30500196,35,196,29999965-29999986,30500171-30500196
sample3_gene3_3:45000000-45500000__,0,AAACAAGCCACAGGAGGTCTTT,TCCTAGGTTCCTGTGATTCTCC,22,22,60.358000000000004,58.623999999999995,45.455,50.0,210,43.333333333333336,3,44999899,45500109,101,109,44999899-44999921,45500087-45500109
sample3_gene3_3:45000000-45500000__,1,TCTCTTAAACACACACGTCCCA,CCTCCTAGGTTCCTGTGATTC,22,21,59.568999999999996,57.17100000000001,45.455,52.381,241,43.983402489626556,3,44999870,45500111,130,111,44999870-44999892,45500090-45500111
sample3_gene3_3:45000000-45500000__,2,GCAGTGCTTTCCCTCTCTTAAACA,TGCCCACCACCACACCTG,24,18,61.282,62.203,45.833,66.667,200,42.0,3,44999857,45500057,143,57,44999857-44999881,45500039-45500057
