Sequence ID,Primer Rank,Primer Left Seq,Primer Right Seq,Primer Left Len,Primer Right Len,Primer Left TM,Primer Right TM,Primer Left GC %,Primer Right GC %,Primer3 Predicted Product,Primer Left Pos,Primer Right Pos
sample1_gene1_1:15000000-16000000__,0,ATAACCATGCCTACAACCCACA,GAGGCTGAAGTGGGAGGATTAC,22,22,59.690,60.159,45.455,54.545,357,5,361
sample1_gene1_1:15000000-16000000__,1,GGAACAAGTGACTGCCTGAAGA,AGTGGGAGGATTACTTGAGCTT,22,22,60.485,58.815,50.000,45.455,211,143,353
sample1_gene1_1:15000000-16000000__,2,TGCATGATGTGAAGGCAGTTTG,GTGCATACCTGTAGTTGTAGCT,22,22,60.030,57.875,45.455,45.455,219,171,389
sample1_gene1_1:15000000-16000000__,3,CAGGTGGTGGTTTCAAAGTGG,CTTAGGAGGTCGAGGCTTCAGT,21,22,59.591,61.208,52.381,54.545,289,46,334
sample1_gene1_1:15000000-16000000__,4,GTGGTTTCAAAGTGGCCCATTG,GCTTAGGAGGTCGAGGCTTC,22,20,60.806,59.897,50.000,60.000,284,52,335
sample2_gene2_2:30000000-30500000__,0,CCCAATCTACCATCAACTAGCTCT,TTTGGATTGTTCTGTGCACGTC,24,22,59.654,59.967,45.833,45.455,233,48,280
sample2_gene2_2:30000000-30500000__,1,GCTGAGTATGTGCTTAGGGAGG,ACAAACTATGACCATGAAGCTGT,22,23,60.224,58.344,54.545,39.130,224,173,396
sample2_gene2_2:30000000-30500000__,2,CCATCAACTAGCTCTGTAATTGGT,TTGTTCTGTGCACGTCTGTATC,24,22,58.568,58.943,41.667,45.455,218,57,274
sample2_gene2_2:30000000-30500000__,3,CTCCTCAAACTACAGCAAGGG,AGCAATGTAAGCAATGTAATCCCT,21,24,58.295,58.796,52.381,37.500,207,129,335
sample2_gene2_2:30000000-30500000__,4,AGTGGGAAGCTGAGTATGTGC,CAAACTATGACCATGAAGCTGTTAT,21,25,60.066,57.674,52.381,36.000,231,165,395
sample3_gene3_3:45000000-45500000__,0,AAACAAGCCACAGGAGGTCTTT,TCCTAGGTTCCTGTGATTCTCC,22,22,60.358,58.624,45.455,50.000,210,99,308
sample3_gene3_3:45000000-45500000__,1,TCTCTTAAACACACACGTCCCA,CCTCCTAGGTTCCTGTGATTC,22,21,59.569,57.171,45.455,52.381,241,70,310
sample3_gene3_3:45000000-45500000__,2,GCAGTGCTTTCCCTCTCTTAAACA,TGCCCACCACCACACCTG,24,18,61.282,62.203,45.833,66.667,200,57,256
