Sequence ID,Primer Rank,Primer Left Seq,Primer Right Seq,Primer Left Len,Primer Right Len,Primer Left TM,Primer Right TM,Primer Left GC %,Primer Right GC %,Primer3 Predicted Product,Primer Left Pos,Primer Right Pos,Sequence Name,Product Len,Product GC%
sample1_gene1_1:15000000-16000000__,0,ATAACCATGCCTACAACCCACA,GAGGCTGAAGTGGGAGGATTAC,22,22,59.69,60.159,45.455,54.545,357,5,361,sample1_gene1_1:15000000-16000000__,357,50.700280112044815
sample1_gene1_1:15000000-16000000__,1,GGAACAAGTGACTGCCTGAAGA,AGTGGGAGGATTACTTGAGCTT,22,22,60.485,58.815,50.0,45.455,211,143,353,sample1_gene1_1:15000000-16000000__,211,52.13270142180095
sample1_gene1_1:15000000-16000000__,2,TGCATGATGTGAAGGCAGTTTG,GTGCATACCTGTAGTTGTAGCT,22,22,60.03,57.875,45.455,45.455,219,171,389,sample1_gene1_1:15000000-16000000__,219,52.96803652968036
sample1_gene1_1:15000000-16000000__,3,CAGGTGGTGGTTTCAAAGTGG,CTTAGGAGGTCGAGGCTTCAGT,21,22,59.591,61.208,52.381,54.545,289,46,334,sample1_gene1_1:15000000-16000000__,289,50.51903114186851
sample1_gene1_1:15000000-16000000__,4,GTGGTTTCAAAGTGGCCCATTG,GCTTAGGAGGTCGAGGCTTC,22,20,60.806000000000004,59.897,50.0,60.0,284,52,335,sample1_gene1_1:15000000-16000000__,284,50.0
sample2_gene2_2:30000000-30500000__,0,CCCAATCTACCATCAACTAGCTCT,TTTGGATTGTTCTGTGCACGTC,24,22,59.653999999999996,59.967,45.833,45.455,233,48,280,sample2_gene2_2:30000000-30500000__,233,48.497854077253216
sample2_gene2_2:30000000-30500000__,1,GCTGAGTATGTGCTTAGGGAGG,ACAAACTATGACCATGAAGCTGT,22,23,60.224,58.343999999999994,54.545,39.13,224,173,396,sample2_gene2_2:30000000-30500000__,224,43.75
sample2_gene2_2:30000000-30500000__,2,CCATCAACTAGCTCTGTAATTGGT,TTGTTCTGTGCACGTCTGTATC,24,22,58.568000000000005,58.943000000000005,41.667,45.455,218,57,274,sample2_gene2_2:30000000-30500000__,218,49.08256880733945
sample2_gene2_2:30000000-30500000__,3,CTCCTCAAACTACAGCAAGGG,AGCAATGTAAGCAATGTAATCCCT,21,24,58.295,58.79600000000001,52.381,37.5,207,129,335,sample2_gene2_2:30000000-30500000__,207,48.309178743961354
sample2_gene2_2:30000000-30500000__,4,AGTGGGAAGCTGAGTATGTGC,CAAACTATGACCATGAAGCTGTTAT,21,25,60.066,57.674,52.381,36.0,231,165,395,sample2_gene2_2:30000000-30500000__,231,44.58874458874459
sample3_gene3_3:45000000-45500000__,0,AAACAAGCCACAGGAGGTCTTT,TCCTAGGTTCCTGTGATTCTCC,22,22,60.358000000000004,58.623999999999995,45.455,50.0,210,99,308,sample3_gene3_3:45000000-45500000__,210,43.333333333333336
sample3_gene3_3:45000000-45500000__,1,TCTCTTAAACACACACGTCCCA,CCTCCTAGGTTCCTGTGATTC,22,21,59.568999999999996,57.17100000000001,45.455,52.381,241,70,310,sample3_gene3_3:45000000-45500000__,241,43.983402489626556
sample3_gene3_3:45000000-45500000__,2,GCAGTGCTTTCCCTCTCTTAAACA,TGCCCACCACCACACCTG,24,18,61.282,62.203,45.833,66.667,200,57,256,sample3_gene3_3:45000000-45500000__,200,42.0
